run_name,duration,min_region_bytes,max_region_bytes,mean_region_bytes,std_region_bytes,overall_dedup,mean_domain_phys,std_domain_phys,min_domain_phys,max_domain_phys,mean_domain_logical,std_domain_logical,min_domain_logical,max_domain_logical,mean_pod_phys,std_pod_phys,min_pod_phys,max_pod_phys,mean_pod_logical,std_pod_logical,min_pod_logical,max_pod_logical,pod1 dedup,pod2 dedup,pod3 dedup,pod4 dedup,pod5 dedup,pod6 dedup,pod7 dedup,pod8 dedup,run_num,domains_per_pod,num_pods,region_algo,region_size,min_region,max_region,main_d,second_d,num_mask_bits,assign_algo,q_learning,epsilon,q_penalty,dataset
ex0-run2,3.44412539402644,256301,8388602,8320455.3459144,592834.028749182,32.9,1950712144,nan,1950712144,1950712144,64150710717,nan,64150710717,64150710717,1950712144,nan,1950712144,1950712144,64150710717,nan,64150710717,64150710717,32.9,0,0,0,0,0,0,0,2,1,1,FIXED-SIZE,8,-,-,-,-,-,FIRST_FINGERPRINT_7,-,-,-,1
ex0-run3,3.23102240165075,312987,6291433,5360186.39012366,1318050.01634956,32.6,1967499489,nan,1967499489,1967499489,64150710717,nan,64150710717,64150710717,1967499489,nan,1967499489,1967499489,64150710717,nan,64150710717,64150710717,32.6,0,0,0,0,0,0,0,3,1,1,CONTENT-DEFINED,4,2,6,-,-,10,FIRST_FINGERPRINT_7,-,-,-,1
ex0-run4,3.44631359974543,1764555,12582884,9456177.87691628,2926122.83562131,33,1941899337,nan,1941899337,1941899337,64150710717,nan,64150710717,64150710717,1941899337,nan,1941899337,1941899337,64150710717,nan,64150710717,64150710717,33,0,0,0,0,0,0,0,4,1,1,CONTENT-DEFINED,8,4,12,-,-,10,FIRST_FINGERPRINT_7,-,-,-,1
ex0-run5,4.48169362942378,57977,4194304,4171318.7279407,223178.73041632,4.4,3213715.86229143,1995458.41380541,137473,28290969,14271570.7935484,15440887.3030053,186625,205201109,1805706600.125,69941316.0183423,1702152729,1900498132,8018838839.625,449800588.187266,7288568417,8439538888,4.4,4.6,4.4,4.1,4.3,4.6,4.6,4.5,5,1024,8,FIXED-SIZE,4,-,-,-,-,-,FIRST_FINGERPRINT_7,-,-,-,1
ex0-run6,4.47386893431346,256301,8388602,8320455.3459144,592834.028749182,4.1,5201862.38187809,3051647.2248016,202473,34248536,21136972.229654,22440884.6304757,316028,301796071,1973456541.125,88876933.3844,1835166183,2066286213,8018838839.625,613806936.325769,7151677786,8934474232,4,4,4.1,4.1,3.9,4.2,4.3,3.8,6,1024,8,FIXED-SIZE,8,-,-,-,-,-,FIRST_FINGERPRINT_7,-,-,-,1
ex0-run7,3.53250511884689,312987,6291433,5360186.39012366,1318050.01634956,14.9,3893464.72332731,2730752.0256654,203383,67678667,58002450.9195298,177535189.910653,1221536,3476220152,538271498,59275079.7601293,471063252,633729595,8018838839.625,1955659381.72025,5830618898,11288571167,21.3,13.5,12.4,13,11.9,15.2,16.3,15,7,1024,8,CONTENT-DEFINED,4,2,6,-,-,10,FIRST_FINGERPRINT_7,-,-,-,1
ex0-run8,3.35018518368403,1764555,12582884,9456177.87691628,2926122.83562131,16.1,6876578.05163511,6180067.73271585,349347,121879956,110414304.160069,353368165.368981,4201291,4897485976,499411481,76216238.9508194,426360453,631024313,8018838839.625,3753594848.88818,4869637072,16153967789,17,8.7,11.3,14.5,12.1,19.1,28.3,15.9,8,1024,8,CONTENT-DEFINED,8,4,12,-,-,10,FIRST_FINGERPRINT_7,-,-,-,1
ex0-run9,4.49793536663055,57977,4194304,4171318.7279407,223178.73041632,4.5,13884383.6947162,6036336.5731706,354882,40735252,62769775.6526419,38522588.0801958,4180224,268119859,1773730017,50788484.3598061,1663694954,1824536760,8018838839.625,337842632.264777,7532060116,8498280269,4.6,4.3,4.4,4.6,4.5,4.7,4.4,4.7,9,128,8,FIXED-SIZE,4,-,-,-,-,-,FIRST_FINGERPRINT_7,-,-,-,1
ex0-run10,4.4030312538147,256301,8388602,8320455.3459144,592834.028749182,4.1,15544778.0671343,8159433.19237586,429986,64745012,64279269.255511,47478733.9194845,3618914,352053550,1939211063.875,68066563.2363213,1836480602,2066614448,8018838839.625,532591369.418741,7335554226,8906084793,4,4.2,3.8,4.2,4.4,4.1,4,4.3,10,128,8,FIXED-SIZE,8,-,-,-,-,-,FIRST_FINGERPRINT_7,-,-,-,1
ex0-run11,3.51061267058055,312987,6291433,5360186.39012366,1318050.01634956,15,6209585.09261939,4519944.99699743,203383,71160321,92837497.4196816,227973910.366574,1221536,3639745696,536352912.375,62031364.311337,468131159,664904047,8018838839.625,1851237226.99746,5893654210,11303600396,12.9,20.6,10.7,14.1,15.1,16.7,10.8,20,11,128,8,CONTENT-DEFINED,4,2,6,-,-,10,FIRST_FINGERPRINT_7,-,-,-,1
ex0-run12,3.26139642000198,1764555,12582884,9456177.87691628,2926122.83562131,16.2,8731178.39072848,8076993.78296851,349347,129973875,141613047.940397,401001439.270022,4201291,4897485976,494402976.375,112452304.069839,391538024,738077023,8018838839.625,3218409823.00073,5350777304,15047111079,21.2,23.6,8.6,14.7,9.5,12.5,12.8,36.9,12,128,8,CONTENT-DEFINED,8,4,12,-,-,10,FIRST_FINGERPRINT_7,-,-,-,1
ex0-run13,3.70198096434275,57977,4194304,4171318.7279407,223178.73041632,12.7,3234886.53265045,2515381.0343268,153857,64619564,41069597.1299616,70875939.6317922,303392,1596945433,631611595.5,57466036.4623869,528150622,688655907,8018838839.625,1305267685.30802,6587334888,10216855660,15,13.5,14.2,12.9,13.9,9.9,10.4,12,13,1024,8,FIXED-SIZE,4,-,-,-,-,-,MIN_FINGERPRINT,-,-,-,1
ex0-run14,3.45473081270854,256301,8388602,8320455.3459144,592834.028749182,9.9,5761792.29527208,4002795.57001896,271505,94647006,57226325.3496878,88693757.7474527,1392140,1795776858,807371145.375,68048452.0754924,697120579,868761500,8018838839.625,1261476441.68391,6636430497,10342170078,11.9,10.6,11.2,10.2,10.2,8.5,8.3,8.6,14,1024,8,FIXED-SIZE,8,-,-,-,-,-,MIN_FINGERPRINT,-,-,-,1
ex0-run15,3.36575349171956,312987,6291433,5360186.39012366,1318050.01634956,19.1,4105033.45110025,3388264.13035194,240274,53592634,78423851.7322738,180196212.571233,947166,1283997476,419739670.375,56771422.1057594,344743287,538114358,8018838839.625,1926817454.89987,5862522413,11606633223,21.6,18.2,20.1,22,13.6,15.4,16.7,25.8,15,1024,8,CONTENT-DEFINED,4,2,6,-,-,10,MIN_FINGERPRINT,-,-,-,1
ex0-run16,3.1782235622406,1764555,12582884,9456177.87691628,2926122.83562131,18.9,6998376.56378601,5616696.55160093,349347,87840438,131997347.154321,316671985.229945,4201291,2965361723,425151376.25,47515470.446667,343834389,473806008,8018838839.625,1649081332.13836,5998142828,11240372822,18,18.6,16.7,17.6,16.2,19.3,18.8,25.2,16,1024,8,CONTENT-DEFINED,8,4,12,-,-,10,MIN_FINGERPRINT,-,-,-,1
ex0-run17,3.63926304976145,57977,4194304,4171318.7279407,223178.73041632,12.7,5960671.4295858,4348321.9152485,233032,67060320,75918000.8485207,106884128.913985,481722,1651427916,629595919.75,53756414.3332466,556979419,705341508,8018838839.625,944931795.448026,6358961976,9045237011,10.9,12.9,14,13.3,13.1,12.5,12.6,12.5,17,128,8,FIXED-SIZE,4,-,-,-,-,-,MIN_FINGERPRINT,-,-,-,1
ex0-run18,3.50227404435476,256301,8388602,8320455.3459144,592834.028749182,10,9204609.60458453,6567951.39261877,500531,104227402,91906462.3452722,120745255.289652,2379415,1862850753,803102188,86127395.0462963,677600045,937121665,8018838839.625,1168334665.04837,6218427940,10070694074,9.2,10.6,10.4,10.1,8.9,10.7,10.2,9.6,18,128,8,FIXED-SIZE,8,-,-,-,-,-,MIN_FINGERPRINT,-,-,-,1
ex0-run19,3.44116111199061,312987,6291433,5360186.39012366,1318050.01634956,19.1,5931349.82477876,4982357.37312888,385182,57474408,113541080.915044,226037219.307319,947166,1290285939,418901581.375,51592011.2330601,373329164,527679355,8018838839.625,2666258348.26457,4469745811,13181428351,15.5,10.7,29.1,20.7,13.6,23.2,17.8,23.3,19,128,8,CONTENT-DEFINED,4,2,6,-,-,10,MIN_FINGERPRINT,-,-,-,1
ex0-run20,3.18232698043187,1764555,12582884,9456177.87691628,2926122.83562131,18.9,8680825.91304348,7154173.51130489,491916,87840438,164068313.85422,375700142.179481,4201291,3496401202,424275366.5,94754365.1939498,360670579,637541126,8018838839.625,2568727191.737,4751638811,12218795674,19,20.3,28.4,13.5,13.7,17,11.8,31.5,20,128,8,CONTENT-DEFINED,8,4,12,-,-,10,MIN_FINGERPRINT,-,-,-,1
ex0-run21,3.61078468958537,57977,4194304,4171318.7279407,223178.73041632,12.6,3168604.72699005,1760137.32963615,55307,17397786,39894720.5951493,58578983.1647488,115954,582049121,636889550.125,42358455.9542748,583671597,686851968,8018838839.625,845006638.456345,6818951865,9596119833,12.8,12.8,11.5,12.7,12.2,12.6,14.7,11.4,21,1024,8,FIXED-SIZE,4,-,-,-,-,-,MAX_FINGERPRINT,-,-,-,1
ex0-run22,3.538574163119,256301,8388602,8320455.3459144,592834.028749182,9.7,5682867.38898451,2913945.78699364,271485,26262386,55207152.0800344,74284343.6299759,316028,972220699,825436488.25,65460346.981425,736956896,907070976,8018838839.625,1247145682.3526,6210978365,9844768766,10.3,9,8.4,10.4,9.2,11,11.1,8.1,22,1024,8,FIXED-SIZE,8,-,-,-,-,-,MAX_FINGERPRINT,-,-,-,1
ex0-run23,3.45517231225967,312987,6291433,5360186.39012366,1318050.01634956,19.6,4126088.43396226,3163459.57417625,240274,57718493,80692717.8830189,193663010.929905,2133140,1774559676,410030038.125,44248152.5829771,352259912,496074313,8018838839.625,2768466969.9526,5361850146,13315706296,15.9,13.7,14.4,16.8,15.2,26.3,33.6,21.4,23,1024,8,CONTENT-DEFINED,4,2,6,-,-,10,MAX_FINGERPRINT,-,-,-,1
ex0-run24,3.14610614776611,1764555,12582884,9456177.87691628,2926122.83562131,19.8,7425752.89016018,6838556.90174917,349347,91373304,146797965.02746,387650685.576958,4201291,3736114847,405631751.625,86934981.1109764,295076880,542479571,8018838839.625,4782180386.29525,1379109951,16982718090,20.4,14.3,4.7,23.9,8,23,48.5,16.7,24,1024,8,CONTENT-DEFINED,8,4,12,-,-,10,MAX_FINGERPRINT,-,-,-,1
ex0-run25,3.61926161050796,57977,4194304,4171318.7279407,223178.73041632,12.6,5903715.60813953,4005885.23747601,202473,28492167,74593849.6709302,89032432.1176109,1019300,795646818,634649427.875,39352075.9095323,573729635,712134730,8018838839.625,694055450.348245,6670313536,9060020159,13.5,15.8,10.8,12.5,12.1,12.9,11.5,12.3,25,128,8,FIXED-SIZE,4,-,-,-,-,-,MAX_FINGERPRINT,-,-,-,1
ex0-run26,3.47090169986089,256301,8388602,8320455.3459144,592834.028749182,9.8,8920559.50204082,5745614.04997534,271485,33232636,87279878.5265306,103882262.151023,316028,1123107242,819576404.25,45493365.0607753,754804130,873573496,8018838839.625,700494992.128397,7111921663,9040524151,10.2,11.5,8.9,9.8,9.4,10,8.6,10,26,128,8,FIXED-SIZE,8,-,-,-,-,-,MAX_FINGERPRINT,-,-,-,1
ex0-run27,3.41554232041041,312987,6291433,5360186.39012366,1318050.01634956,19.6,5683152.30034722,4688874.96809438,240274,74191898,111372761.661458,233972887.292083,2171185,2164484484,409186965.625,60750830.1724176,344144269,544930261,8018838839.625,1195642726.33104,6697482942,9605775890,16.5,27.8,12.5,24.5,15.7,22.3,19.9,22.1,27,128,8,CONTENT-DEFINED,4,2,6,-,-,10,MAX_FINGERPRINT,-,-,-,1
ex0-run28,3.143075410525,1764555,12582884,9456177.87691628,2926122.83562131,19.8,8687349.07774799,8367520.20080109,349347,107293179,171985819.616622,417796850.988457,4201291,3736114847,405047650.75,102100630.965165,271569059,537683207,8018838839.625,3074223731.35503,4342474897,14722419188,15.1,27.2,13.5,18.8,17.1,16,17,39.3,28,128,8,CONTENT-DEFINED,8,4,12,-,-,10,MAX_FINGERPRINT,-,-,-,1
ex0-run29,4.4751415292422,57977,4194304,4171318.7279407,223178.73041632,4.4,3223969.88316832,1995225.98526231,137473,28290969,14114567.8145215,15263488.7844711,186625,205201109,1831617889.875,64875473.5633496,1729992343,1914458723,8018838839.625,437242275.2817,7313645514,8414417397,4.4,4.5,4.4,4.1,4.2,4.5,4.5,4.5,29,1024,8,FIXED-SIZE,4,-,-,-,-,-,FIRST_FINGERPRINT_7,True,0.01,False,1
ex0-run30,4.35245450735092,256301,8388602,8320455.3459144,592834.028749182,4,5211140.75917431,3068668.86095516,202473,34248536,21019236.801114,22291279.4364839,316028,301796071,1988050199.625,93756906.4771112,1831619897,2086109730,8018838839.625,619794666.278207,7160051711,8934468972,4,3.9,4.1,4,3.9,4.2,4.3,3.8,30,1024,8,FIXED-SIZE,8,-,-,-,-,-,FIRST_FINGERPRINT_7,True,0.01,False,1
ex0-run31,3.50410635868708,312987,6291433,5360186.39012366,1318050.01634956,14,3832661.18288591,2675948.31214827,203383,67678667,53817710.3330537,168664671.492173,1221536,3451359695,571066516.25,64925620.8397096,497550465,682380461,8018838839.625,1844154014.93587,5862448604,11199576745,20.5,12.8,11.8,12.7,11.1,14.4,15.5,13.5,31,1024,8,CONTENT-DEFINED,4,2,6,-,-,10,FIRST_FINGERPRINT_7,True,0.01,False,1
ex0-run32,3.25483642419179,1764555,12582884,9456177.87691628,2926122.83562131,15,6799133.96513471,6001400.10308097,349347,121200452,101665151.690967,334407879.412384,4162087,4836943503,536281691.5,58217534.3630999,474226440,636118851,8018838839.625,3834464648.43898,4104156366,16037003809,16.1,7.1,9.8,13.7,10.5,18.4,27.3,15.6,32,1024,8,CONTENT-DEFINED,8,4,12,-,-,10,FIRST_FINGERPRINT_7,True,0.01,False,1
ex0-run33,4.3519060810407,57977,4194304,4171318.7279407,223178.73041632,4.5,14107695.4465162,6150353.32867644,354882,40735252,62954573.814524,38405952.155922,4180224,259733952,1796967707.5,47723966.4599489,1709999973,1855613156,8018838839.625,300223232.267435,7628333872,8519225261,4.5,4.3,4.3,4.6,4.5,4.6,4.3,4.6,33,128,8,FIXED-SIZE,4,-,-,-,-,-,FIRST_FINGERPRINT_7,True,0.01,False,1
ex0-run34,4.24812607367833,256301,8388602,8320455.3459144,592834.028749182,4.1,15734517.8594378,8210338.61700035,430306,64745012,64408344.0933735,47421051.1994671,3618914,343669692,1958947473.5,77524384.1901189,1837023263,2097320030,8018838839.625,578509076.177906,7340875458,9028351346,4.1,4.2,3.7,4.1,4.4,4,4,4.3,34,128,8,FIXED-SIZE,8,-,-,-,-,-,FIRST_FINGERPRINT_7,True,0.01,False,1
ex0-run35,3.41949035724004,312987,6291433,5360186.39012366,1318050.01634956,14.1,6315533.64127424,4481766.57769944,203383,71160321,88851399.8850416,221430045.359116,1221536,3615957337,569976911.125,56781382.3945798,495612254,672186195,8018838839.625,1827250998.21362,5868384936,11170231371,11.8,19.5,10.5,13.2,13.5,15.5,10.4,19.1,35,128,8,CONTENT-DEFINED,4,2,6,-,-,10,FIRST_FINGERPRINT_7,True,0.01,False,1
ex0-run36,3.28049562374751,1764555,12582884,9456177.87691628,2926122.83562131,15.3,8646279.49794239,7890729.6697246,349347,129973875,131997347.154321,383212089.267792,4201291,4848029227,525261479.5,99417257.3765485,423480915,741962413,8018838839.625,3243699191.61117,5101723748,14925557680,20.8,19.1,8.4,14.1,8.7,12,11.8,35.2,36,128,8,CONTENT-DEFINED,8,4,12,-,-,10,FIRST_FINGERPRINT_7,True,0.01,False,1
ex2-run37,4.9393060485522,49819,6291456,4755427.03610082,1506810.82735513,15.5,5940955.82183908,4299614.0189029,121813,40663961,92170561.375,218643208.778464,170965,2757394777,516863156.5,57815891.9296253,426995830,597758118,8018838839.625,2208853647.8553,5224757072,11251922549,13.7,18.3,10.9,14.5,11.2,17.3,16.2,21.5,37,128,8,TTTD,4,2,6,540,270,-,FIRST_FINGERPRINT_7,True,0.01,False,1
ex2-run38,4.64180684487025,151655,12582876,7440351.50974252,2893073.57143642,17.3,7666402.69214876,6175656.76452791,238858,61555730,132542790.737603,315945287.448693,4252703,2462596228,463817362.875,48344116.757149,416606666,573242753,8018838839.625,1366524087.06291,6479618143,10274168277,16,19.5,17.7,13.8,22.6,17.2,14.8,17.2,38,128,8,TTTD,8,4,12,540,270,-,FIRST_FINGERPRINT_7,True,0.01,False,1
ex2-run39,4.42204451560974,38472,5259263,5228035.42598187,256186.525950576,4.3,14517744.0127827,6846958.03669972,338207,58129277,62957472.8239921,39525167.8845643,5242962,351628264,1845568207.625,95963191.9760477,1732379649,2048409582,8003468732.75,589902127.57568,7455691159,9255293866,4.1,4.5,4.5,4.3,4.2,4.5,4.3,4.3,39,128,8,AE,4,2,6,-,-,-,FIRST_FINGERPRINT_7,True,0.01,False,1
ex2-run40,4.38937364021937,78126,7356393,7303218.26139991,446470.791196731,4.1,15498531.8907646,8279179.27456539,403183,48237632,63618501.08143,48036678.1533549,2341846,374690547,1950877701.75,45185288.0468387,1885398446,2001400028,8007978823.625,494777669.423191,7230723946,8654828565,3.7,4.3,4.1,4.2,4.2,4.5,3.8,4.1,40,128,8,AE,8,4,12,-,-,-,FIRST_FINGERPRINT_7,True,0.01,False,1
ex2-run41,4.79978547096252,49819,6291456,4755427.03610082,1506810.82735513,17.2,29182643.34375,12759995.005605,6825953,83971717,501177427.476563,597504051.277976,15091946,4162004209,466922293.5,39690352.5900211,419372096,526232326,8018838839.625,1861142086.69604,6182349481,12053575941,16.4,18.1,14.9,22.9,14.7,17.4,16.5,15.4,41,16,8,TTTD,4,2,6,540,270,-,FIRST_FINGERPRINT_7,-,-,-,1
ex2-run42,4.63742767969767,151655,12582876,7440351.50974252,2893073.57143642,18.7,26816046.390625,16129284.203676,383606,92817024,501177427.476563,630242581.088114,4824736,2890149515,429056742.25,62380017.4981813,361211555,526391998,8018838839.625,2538780584.31543,4874318929,12251385412,19.6,18.1,13.5,23.3,15.6,14.2,21.9,20.8,42,16,8,TTTD,8,4,12,540,270,-,FIRST_FINGERPRINT_7,-,-,-,1
ex2-run43,4.1769643386205,38472,5259263,5228035.42598187,256186.525950576,5.1,98932701.578125,14692150.6230383,66065085,135341372,500216795.796875,109895321.444515,302763495,892470412,1582923225.25,63951022.7691874,1471964393,1645230744,8003468732.75,520324334.246505,7203367677,8626026284,5.2,5.1,5.2,5.3,5,4.5,5,5.1,43,16,8,AE,4,2,6,-,-,-,FIRST_FINGERPRINT_7,-,-,-,1
ex2-run44,4.17473826805751,78126,7356393,7303218.26139991,446470.791196731,4.8,104169004.132813,18574886.2755301,53087792,147613665,500498676.476563,137639612.088088,201643677,900730115,1666704066.125,58796507.8162082,1599884082,1752646143,8007978823.625,345550077.314691,7583020328,8530516698,4.8,4.9,5,4.5,4.7,4.9,5.1,4.7,44,16,8,AE,8,4,12,-,-,-,FIRST_FINGERPRINT_7,-,-,-,1
ex2-run45,4.71406837304433,49819,6291456,4755427.03610082,1506810.82735513,16.7,5703415.49554896,4261490.4789222,121813,40663961,95179096.0192878,231072841.389261,170965,2772862439,480512755.5,54200274.0662252,411201747,572551724,8018838839.625,2321971951.51292,4995823906,11442777103,15.3,19.2,11.2,15.8,12,18.8,17.4,22.6,45,128,8,TTTD,4,2,6,540,270,-,FIRST_FINGERPRINT_7,-,-,-,1
ex2-run46,4.59708193540573,151655,12582876,7440351.50974252,2893073.57143642,18.3,7789544.46888889,6180718.23592495,238858,61577842,142557134.926667,329418298.015967,4252703,2469743028,438161876.375,41517104.3946756,393507826,530034855,8018838839.625,1389725821.3802,6455732891,10623860552,16.5,20.7,18.4,14.4,22.7,20,15.9,18,46,128,8,TTTD,8,4,12,540,270,-,FIRST_FINGERPRINT_7,-,-,-,1
ex2-run47,4.31881606578827,38472,5259263,5228035.42598187,256186.525950576,4.4,14296489.969578,6831477.84724367,338207,58129277,62833905.6545633,39773927.4066838,5242962,351628264,1821015409.875,101334408.829759,1692319829,2025230710,8003468732.75,588107505.596595,7470054468,9244798436,4.1,4.6,4.6,4.4,4.2,4.5,4.4,4.3,47,128,8,AE,4,2,6,-,-,-,FIRST_FINGERPRINT_7,-,-,-,1
ex2-run48,4.31375084718068,78126,7356393,7303218.26139991,446470.791196731,4.2,15327218.6782522,8171309.44387427,403183,48237632,63618501.08143,47756691.3233231,2341846,374690547,1929313651.125,42312705.979071,1856043085,1984289374,8007978823.625,394439406.652317,7396228228,8379054412,3.8,4.3,4.2,4.3,4.2,4.5,3.9,4.1,48,128,8,AE,8,4,12,-,-,-,FIRST_FINGERPRINT_7,-,-,-,1
ex2-run49,4.70847414334615,49819,6291456,4755427.03610082,1506810.82735513,19.7,25441654.3046875,11547305.4522111,1822722,73300154,501177427.476563,515566358.807428,3809695,2598970858,407066468.875,59058493.8990039,339332497,528533344,8018838839.625,2126539996.72452,3841424061,10299804803,19.9,24.4,26.1,19.1,19.4,22.3,10.3,16.5,49,16,8,TTTD,4,2,6,540,270,-,MIN_FINGERPRINT,-,-,-,1
ex2-run50,4.7237308939298,151655,12582876,7440351.50974252,2893073.57143642,19.7,25824936.0079365,14250723.0504326,3364659,77551343,509132624.738095,626697477.129729,4703279,2812842783,406742742.125,69602035.5770198,329037343,537106637,8018838839.625,2171966943.78256,4990538242,11050535108,20.1,28.4,17.2,17.7,22.6,24.3,13,15.4,50,16,8,TTTD,8,4,12,540,270,-,MIN_FINGERPRINT,-,-,-,1
ex2-run51,3.66198594172796,38472,5259263,5228035.42598187,256186.525950576,12,41737787.0234375,16899986.5860459,16202865,153290109,500216795.796875,303807291.96583,41981246,2320328643,667804592.375,59541314.3811145,576692271,755987474,8003468732.75,927804733.244579,6675012542,9175736754,12,12.7,13.7,12.1,13.6,11.6,10.2,10.3,51,16,8,AE,4,2,6,-,-,-,MIN_FINGERPRINT,-,-,-,1
ex2-run52,3.57796068588893,78126,7356393,7303218.26139991,446470.791196731,10.7,46577696.375,19065216.8901694,8503385,145217238,500498676.476563,303511081.04553,80820507,2078565757,745243142,45737608.7401753,690672862,811834293,8007978823.625,1271394390.43439,6325395167,9972730581,11.3,8.9,11.3,11.2,12.3,9.9,9.5,11.2,52,16,8,AE,8,4,12,-,-,-,MIN_FINGERPRINT,-,-,-,1
ex2-run53,4.76372475624085,49819,6291456,4755427.03610082,1506810.82735513,19.5,5450520.2102649,4559793.28155808,173853,62175880,106209785.955298,231404120.228682,2105602,2557153176,411514275.875,50017579.640593,356369671,483381316,8018838839.625,2451385876.92293,4245578919,11101369858,17.5,20.6,24.1,11.1,20.6,22.2,14.3,23.9,53,128,8,TTTD,4,2,6,540,270,-,MIN_FINGERPRINT,-,-,-,1
ex2-run54,4.62185379266739,151655,12582876,7440351.50974252,2893073.57143642,19.4,7465498.71945701,5811108.01032101,399672,55330897,145137354.563348,325119618.35029,4212678,2602805968,412468804.25,68381851.631085,326569529,522576701,8018838839.625,2614959407.13739,4683773873,13031593217,16,17.2,26.6,15.6,17.2,19.3,14.3,28.5,54,128,8,TTTD,8,4,12,540,270,-,MIN_FINGERPRINT,-,-,-,1
ex2-run55,3.64941211144129,38472,5259263,5228035.42598187,256186.525950576,11.7,6756711.47472257,5490240.97062838,342937,111768399,78949136.6979038,107450327.910903,5242964,1784891690,684961625.75,54025847.3120551,631437340,779299066,8003468732.75,991096448.94983,6067887666,9173160771,9.3,12.5,12.9,12.3,11.8,11.4,11.3,12,55,128,8,AE,4,2,6,-,-,-,MIN_FINGERPRINT,-,-,-,1
ex2-run56,3.53189285993576,78126,7356393,7303218.26139991,446470.791196731,10.3,8578667.07617729,6608009.85089819,404552,112662467,88731067.2977839,112746842.621658,7340071,1608501906,774224703.625,78434491.2855203,654918281,897408289,8007978823.625,1095648227.07581,5914949393,9206888078,9,10,10.9,10.7,9.9,10.1,10,12.1,56,128,8,AE,8,4,12,-,-,-,MIN_FINGERPRINT,-,-,-,1
ex2-run57,4.61424839496613,49819,6291456,4755427.03610082,1506810.82735513,19.9,25139393.1640625,10908697.8001344,7544493,69942617,501177427.476563,466185361.724116,14538109,2526881633,402230290.625,48821999.8024976,333728523,463584164,8018838839.625,2179778027.11838,4247210550,11005170911,24.7,12.4,18.9,18.1,25.3,17.8,25.1,16.5,57,16,8,TTTD,4,2,6,540,270,-,MAX_FINGERPRINT,-,-,-,1
ex2-run58,4.56156690120697,151655,12582876,7440351.50974252,2893073.57143642,20,25012760.859375,15139479.2090526,3217339,96122803,501177427.476563,672212455.089111,5813574,3864641599,400204173.75,79905277.5707104,273045771,497037640,8018838839.625,3005352897.51543,4054198922,11987683760,24.4,16,14.8,23.4,24.9,14.2,28.4,13.1,58,16,8,TTTD,8,4,12,540,270,-,MAX_FINGERPRINT,-,-,-,1
ex2-run59,3.65533047914505,38472,5259263,5228035.42598187,256186.525950576,11.8,42217792.453125,12995436.5167103,13987927,71971279,500216795.796875,232491758.825056,68218914,1163301432,675484679.25,29887879.3039712,629358533,706835599,8003468732.75,887193180.759525,6935751019,9741820423,11,12.8,10.5,11.8,12.5,10.7,13.8,11.7,59,16,8,AE,4,2,6,-,-,-,MAX_FINGERPRINT,-,-,-,1
ex2-run60,3.56604441006978,78126,7356393,7303218.26139991,446470.791196731,10.6,47388882.7734375,15877995.8087294,17386033,112435249,500498676.476563,246376108.74658,44078753,1366309230,758222124.375,73177068.0802293,654565602,870631220,8007978823.625,930783422.731441,6547017057,9610006492,10.6,11,10,9.6,9.9,10.5,11.7,11.2,60,16,8,AE,8,4,12,-,-,-,MAX_FINGERPRINT,-,-,-,1
ex2-run61,4.73367960850398,49819,6291456,4755427.03610082,1506810.82735513,19.7,5225447.81189711,3931036.97345419,192447,49770083,103136190.863344,214762131.322315,2111346,2289566002,406278567.375,52854755.8511249,317301753,480979667,8018838839.625,1048237142.50869,6564874195,9594473864,18.9,29.8,17.3,16.6,16.7,21,17.2,23.6,61,128,8,TTTD,4,2,6,540,270,-,MAX_FINGERPRINT,-,-,-,1
ex2-run62,4.5826227982839,151655,12582876,7440351.50974252,2893073.57143642,19.8,7368669.57954545,6010557.19786488,399672,72277870,145797069.811364,321029954.470948,4240101,2183099415,405276826.875,55345217.8403407,318970031,506960099,8018838839.625,2753124660.13284,4886712932,12389566058,16.6,28.9,11.6,16.4,24.4,18.8,14.6,27.2,62,128,8,TTTD,8,4,12,540,270,-,MAX_FINGERPRINT,-,-,-,1
ex2-run63,3.6481028676033,38472,5259263,5228035.42598187,256186.525950576,11.6,6820273.12946979,4140218.68457794,298064,29215533,78949136.6979038,89214038.4673213,5242937,624906894,691405188.5,48807906.4964666,626745185,766085816,8003468732.75,894700722.318149,6636126351,9319258207,12.2,14.7,10.1,10.1,11.4,12.1,12.2,10.2,63,128,8,AE,4,2,6,-,-,-,MAX_FINGERPRINT,-,-,-,1
ex2-run64,3.52421329021454,78126,7356393,7303218.26139991,446470.791196731,10.3,8321166.73030708,5600041.59127859,439386,48812878,85532484.0974633,94519023.8481385,5519708,742043445,779069235.125,54049068.2967991,683161484,867268952,8007978823.625,671876472.241764,7179565285,8967212098,9.2,12.1,10,9.2,10.3,10.8,11,9.8,64,128,8,AE,8,4,12,-,-,-,MAX_FINGERPRINT,-,-,-,1
ex2-run65,4.79469057718913,49819,6291456,4755427.03610082,1506810.82735513,16.2,30914678.0078125,12833376.4191579,6990989,83971717,501177427.476563,592519648.655336,15091946,4124340609,494634848.125,36209744.8660357,458713100,561936424,8018838839.625,1833634115.54088,6369472489,12064739018,15.8,17.3,13.8,21.5,13.7,16.2,15.8,14.7,65,16,8,TTTD,4,2,6,540,270,-,FIRST_FINGERPRINT_7,True,0.01,False,1
ex2-run66,4.54407096703847,151655,12582876,7440351.50974252,2893073.57143642,17.6,28427110.328125,16639117.3525429,383606,101012948,501177427.476563,624499754.373861,5428144,2882044626,454833765.25,61558436.3015647,387837696,550632228,8018838839.625,2528053925.88417,4944420623,12255136570,18.7,17,12.7,22.3,14.3,13.8,20.4,19.4,66,16,8,TTTD,8,4,12,540,270,-,FIRST_FINGERPRINT_7,True,0.01,False,1
ex2-run67,4.21840348641078,38472,5259263,5228035.42598187,256186.525950576,5,99947195.1953125,18713105.1207889,6070490,190924332,500216795.796875,121611768.657213,10496615,887233496,1599155123.125,68889631.3398318,1502005831,1681456504,8003468732.75,425108397.570584,7430023905,8610304146,5.1,5.1,5.2,5.2,4.9,4.5,4.9,5.1,67,16,8,AE,4,2,6,-,-,-,FIRST_FINGERPRINT_7,True,0.01,False,1
ex2-run68,4.24246264298757,78126,7356393,7303218.26139991,446470.791196731,4.8,105315333.148438,18452308.0255545,53981916,149006819,500498676.476563,136160100.77491,208989411,886035913,1685045330.375,55553395.5528498,1615668217,1767383884,8007978823.625,335566407.689233,7616522265,8515805254,4.7,4.8,5,4.4,4.6,4.8,5,4.6,68,16,8,AE,8,4,12,-,-,-,FIRST_FINGERPRINT_7,True,0.01,False,1
ex0-run69,4.20694750547409,57977,4194304,4171318.7279407,223178.73041632,5.2,96695403.1796875,13555105.9673222,68440073,146818864,501177427.476563,106575748.073552,301491670,807356143,1547126450.875,33724449.8354471,1496890833,1584715270,8018838839.625,293938281.773222,7569884621,8490161697,5.1,5.1,5.4,5.2,5.4,5.1,5.2,5,69,16,8,FIXED-SIZE,4,-,-,-,-,-,FIRST_FINGERPRINT_7,-,-,-,1
ex0-run70,4.09811160564423,256301,8388602,8320455.3459144,592834.028749182,4.8,104184435.507813,19597597.9846224,54753133,150170951,501177427.476563,135262168.484053,159240118,838375949,1666950968.125,87747353.4448909,1520224044,1770858251,8018838839.625,661648403.929085,6761669552,8878235137,4.8,5,4.9,4.6,5.1,4.4,4.8,4.9,70,16,8,FIXED-SIZE,8,-,-,-,-,-,FIRST_FINGERPRINT_7,-,-,-,1
ex0-run71,3.44421828985214,312987,6291433,5360186.39012366,1318050.01634956,15.7,32020478.5,13215316.0976805,3879734,113261517,501177427.476563,530983747.821054,6285916,3996579154,512327656,53094871.4904284,442041644,583543885,8018838839.625,2496254851.00229,4812109908,12951989872,21.4,16.2,11.7,14.4,8.7,12.3,27.2,15.9,71,16,8,CONTENT-DEFINED,4,2,6,-,-,10,FIRST_FINGERPRINT_7,-,-,-,1
ex0-run72,3.28325329224269,1764555,12582884,9456177.87691628,2926122.83562131,17,29516774.0390625,18971573.8222785,4043047,147345293,501177427.476563,763160742.21046,8283411,4902105204,472268384.625,95799257.3003109,311896145,596355680,8018838839.625,4088611227.22199,3592843502,16232234483,7.2,14.6,13.6,9.9,18.9,20,41,15.7,72,16,8,CONTENT-DEFINED,8,4,12,-,-,10,FIRST_FINGERPRINT_7,-,-,-,1
ex0-run73,3.60282562971115,57977,4194304,4171318.7279407,223178.73041632,13,38527166.890625,12632584.6109856,5831063,100695845,501177427.476563,298866762.53158,87898547,2066106930,616434670.25,38332701.6937536,573380230,687343638,8018838839.625,705762457.996847,7187175466,9172410432,12.7,12.3,15.1,11.9,14.9,12.3,11.6,13.5,73,16,8,FIXED-SIZE,4,-,-,-,-,-,MIN_FINGERPRINT,-,-,-,1
ex0-run74,3.44897477229436,256301,8388602,8320455.3459144,592834.028749182,10.4,48264577.2109375,19477994.3723432,6145658,139157382,501177427.476563,311743274.031884,50303975,2256888994,772233235.375,37722814.6715562,706803638,824015015,8018838839.625,535710722.894208,7210104435,8777521446,10.5,9.4,11,10.3,11.5,10.6,9.6,10.4,74,16,8,FIXED-SIZE,8,-,-,-,-,-,MIN_FINGERPRINT,-,-,-,1
ex0-run75,3.42480200131734,312987,6291433,5360186.39012366,1318050.01634956,19.3,25914593.140625,12286960.5649692,5542759,86931750,501177427.476563,535988573.888469,16802387,3657955973,414633490.25,60687916.9796388,311545130,486301938,8018838839.625,2508516368.61895,4187476946,10600068148,16.6,16.7,18.5,18.8,23,12,22,24.3,75,16,8,CONTENT-DEFINED,4,2,6,-,-,10,MIN_FINGERPRINT,-,-,-,1
ex0-run76,3.24459451039632,1764555,12582884,9456177.87691628,2926122.83562131,19.3,27041723.3821138,16008250.5191778,3709172,92531942,521550493.634146,727438064.911895,6282040,4919730820,415766497,62862308.5340773,327176242,534846564,8018838839.625,2874337231.88539,4660269519,13485875715,22.4,18.2,23.3,16.1,20.8,12.2,25.2,13.9,76,16,8,CONTENT-DEFINED,8,4,12,-,-,10,MIN_FINGERPRINT,-,-,-,1
ex0-run77,3.62779740095139,57977,4194304,4171318.7279407,223178.73041632,12.9,38911221.203125,11565006.4024154,12293714,69695372,501177427.476563,247214171.899537,71197646,1478264879,622579539.25,38677630.188788,569106118,691300819,8018838839.625,1150135630.69998,6255714992,10205274332,12.7,13.5,11,11.8,13.3,12.6,14.8,13.1,77,16,8,FIXED-SIZE,4,-,-,-,-,-,MAX_FINGERPRINT,-,-,-,1
ex0-run78,3.52156702677409,256301,8388602,8320455.3459144,592834.028749182,10.1,49690980.4921875,16394665.9023176,16458442,85474181,501177427.476563,277076960.063594,41916276,1586532341,795055687.875,61047612.1788236,675772009,865057103,8018838839.625,1547531857.89194,5732863397,11273822362,9.4,10,8.5,9.5,10,10.5,13,9.4,78,16,8,FIXED-SIZE,8,-,-,-,-,-,MAX_FINGERPRINT,-,-,-,1
ex0-run79,3.46341690619787,312987,6291433,5360186.39012366,1318050.01634956,19.8,25284861,13041347.2552146,6199349,106949697,501177427.476563,526479759.399204,9149121,2545877997,404557776,20027256.2162655,375098758,444467483,8018838839.625,2357075131.15563,5613730399,11753709201,13.5,19,14.4,18.6,15.9,27.3,29.6,20.3,79,16,8,CONTENT-DEFINED,4,2,6,-,-,10,MAX_FINGERPRINT,-,-,-,1
ex0-run80,3.17648083766301,1764555,12582884,9456177.87691628,2926122.83562131,20.2,26035010.1803279,18528869.0258014,684849,131471663,525825497.680328,722823547.539948,4427805,3797275277,397033905.25,72998533.9912894,320824967,530284390,8018838839.625,3862057898.72907,4751457460,14685204016,12.3,15.1,17.4,14.8,14.8,31.5,37.3,18,80,16,8,CONTENT-DEFINED,8,4,12,-,-,10,MAX_FINGERPRINT,-,-,-,1
ex0-run81,4.19215700229009,57977,4194304,4171318.7279407,223178.73041632,5.1,97656896.8125,13713529.7736584,64659047,147170638,501177427.476563,106397731.106056,301543137,807357189,1562510349,35549063.4629152,1506346833,1598016374,8018838839.625,290810274.342953,7528035922,8465018642,5,5,5.4,5.2,5.3,5.1,5.1,4.9,81,16,8,FIXED-SIZE,4,-,-,-,-,-,FIRST_FINGERPRINT_7,True,0.01,False,1
ex0-run82,4.11031401952108,256301,8388602,8320455.3459144,592834.028749182,4.8,105311065.804688,19660322.4433708,54753133,152822468,501177427.476563,133659553.041172,159240118,834170397,1684977052.875,89037402.4180481,1526957047,1787130245,8018838839.625,665875752.627974,6736546224,8853096761,4.7,4.9,4.9,4.5,5,4.4,4.7,4.8,82,16,8,FIXED-SIZE,8,-,-,-,-,-,FIRST_FINGERPRINT_7,True,0.01,False,1
ex0-run83,3.45706917047501,312987,6291433,5360186.39012366,1318050.01634956,14.9,33712517.984375,13600527.0862935,3879734,113261517,501177427.476563,526863962.119454,6285916,3967189058,539400287.75,50514546.5584719,475347810,604187033,8018838839.625,2484983968.41236,4836421213,12914452144,20.2,14.7,11.3,13.8,8.4,11.8,26,14.9,83,16,8,CONTENT-DEFINED,4,2,6,-,-,10,FIRST_FINGERPRINT_7,True,0.01,False,1
ex0-run84,3.24366232554118,1764555,12582884,9456177.87691628,2926122.83562131,16.2,30911253.890625,19421742.2683336,4043047,161395294,501177427.476563,761004680.391456,8283411,4792296041,494580062.25,90869905.3901186,330583058,592452409,8018838839.625,4176891701.85791,3613359015,16686766425,7.1,13.9,13.5,9,17.9,19.4,37.1,15.1,84,16,8,CONTENT-DEFINED,8,4,12,-,-,10,FIRST_FINGERPRINT_7,True,0.01,False,1
ex1-run85,12.3916907389959,195912,6291456,5627720.77299758,1231279.90426676,26.6,9699187516,nan,9699187516,9699187516,258351777526,nan,258351777526,258351777526,9699187516,nan,9699187516,9699187516,258351777526,nan,258351777526,258351777526,26.6,0,0,0,0,0,0,0,85,1,1,CONTENT-DEFINED,4,2,6,-,-,10,FIRST_FINGERPRINT_7,-,-,-,2
ex1-run86,12.0344647566477,195912,12582912,10287161.6439436,2921848.13459077,27.1,9536560620,nan,9536560620,9536560620,258351777526,nan,258351777526,258351777526,9536560620,nan,9536560620,9536560620,258351777526,nan,258351777526,258351777526,27.1,0,0,0,0,0,0,0,86,1,1,CONTENT-DEFINED,8,4,12,-,-,10,FIRST_FINGERPRINT_7,-,-,-,2
ex1-run87,12.4830567836761,195912,6291456,5627720.77299758,1231279.90426676,18.2,110717547.570313,24653031.4913883,57261123,189413051,2018373261.92187,1202761517.83634,628735830,7559291294,1771480761.125,125464337.348783,1602265745,1984182670,32293972190.75,3336609009.11781,27855306606,37808616115,18.7,16.2,20.3,19.1,17.3,17.5,16.6,20.3,87,16,8,CONTENT-DEFINED,4,2,6,-,-,10,FIRST_FINGERPRINT_7,-,-,-,2
ex1-run88,11.743191754818,195912,12582912,10287161.6439436,2921848.13459077,18.8,107081996.890625,29616959.6928723,51786861,190398584,2018373261.92187,1152368766.40257,398546436,6368579200,1713311950.25,99423702.5092935,1587698921,1874226029,32293972190.75,3088543254.83223,27083991938,36757152132,19.2,15.6,19.6,18.9,19.5,20.2,17.7,20.1,88,16,8,CONTENT-DEFINED,8,4,12,-,-,10,FIRST_FINGERPRINT_7,-,-,-,2
ex1-run89,12.3786049485207,195912,6291456,5627720.77299758,1231279.90426676,18.2,55565309.8984375,16404658.2385353,22254807,115538807,1009186630.96094,769342347.226044,185394418,4826068452,1778089916.75,117751010.309027,1573142227,1920769737,32293972190.75,3975048214.72045,28153068548,39625067150,18.4,18,18.2,18.9,16.1,21.1,16.4,17.9,89,32,8,CONTENT-DEFINED,4,2,6,-,-,10,FIRST_FINGERPRINT_7,-,-,-,2
ex1-run90,11.6701961239179,195912,12582912,10287161.6439436,2921848.13459077,18.8,53724164.8476563,21539601.4474031,8972071,136706407,1009186630.96094,790506750.808343,88999930,4978861352,1719173275.125,156473292.151124,1492446180,1884452963,32293972190.75,3815687165.21848,25497086623,36197599162,18.8,18.8,20,19.9,15.7,19.5,19.5,18,90,32,8,CONTENT-DEFINED,8,4,12,-,-,10,FIRST_FINGERPRINT_7,-,-,-,2
ex1-run91,12.3338518619537,195912,6291456,5627720.77299758,1231279.90426676,18.1,14129810.6015857,7978268.20471528,171383,74878416,256047351.363726,375559065.915452,2426456,3014324569,1782122362.125,117257800.674799,1625900322,1936497823,32293972190.75,4458461816.84814,26690386034,38438451796,15.5,16.9,19.9,17.6,"028,fslhomes_2012-8kb-only_014018019028",16.3,17.8,20.9,91,128,8,CONTENT-DEFINED,4,2,6,-,-,10,FIRST_FINGERPRINT_7,-,-,-,2
ex1-run92,11.4284360011419,195912,12582912,10287161.6439436,2921848.13459077,18.7,14880858.7227616,10362754.7622431,16384,76326137,278696631.635383,405327367.497645,391824,3233631156,1724319504.5,142072890.534428,1530953300,2009667406,32293972190.75,5163190803.70697,26296091732,40394291840,15.9,18.9,21.4,17.1,20.1,16,19.5,20.6,92,128,8,CONTENT-DEFINED,8,4,12,-,-,10,FIRST_FINGERPRINT_7,-,-,-,2
ex1-run93,12.529240389665,195912,6291456,5627720.77299758,1231279.90426676,19.2,104903824.84375,33076651.5987621,62353278,375702008,2018373261.92187,2368418861.64302,601844789,17137386615,1678461197.5,138329176.762802,1493853254,1975661537,32293972190.75,9842390469.17976,22597373192,49893279521,15.1,15.1,24.1,25.3,24.4,17.4,14.7,16.4,93,16,8,CONTENT-DEFINED,4,2,6,-,-,10,MIN_FINGERPRINT,-,-,-,2
ex1-run94,11.9572339177132,195912,12582912,10287161.6439436,2921848.13459077,19.4,104055285.476563,39369315.7145795,44991446,388997443,2018373261.92187,2315558370.96869,594187253,16639704303,1664884567.625,183913715.627893,1478390690,2062981389,32293972190.75,9923146180.8974,21996194149,50928212226,14.9,14.9,25.1,24.7,25.1,18.5,16.1,15.1,94,16,8,CONTENT-DEFINED,8,4,12,-,-,10,MIN_FINGERPRINT,-,-,-,2
ex1-run95,12.1803722818693,195912,6291456,5627720.77299758,1231279.90426676,19.2,52567141.6914063,23918371.8755001,13946477,341513494,1009186630.96094,1683752050.39989,174454624,16534937136,1682148534.125,131590011.692147,1483784920,1959444590,32293972190.75,11178179873.0815,21954394431,54345082916,15.4,21,25.2,14.8,14.8,27.7,16.3,16.2,95,32,8,CONTENT-DEFINED,4,2,6,-,-,10,MIN_FINGERPRINT,-,-,-,2
ex1-run96,11.5812369187673,195912,12582912,10287161.6439436,2921848.13459077,19.3,52178446.4296875,28291173.9043078,4464036,362562388,1009186630.96094,1656685406.96107,131909841,16142775844,1669710285.75,149880771.673912,1571785332,2023338011,32293972190.75,11110014840.7058,23651733274,54646355627,14.6,22,26.5,14.7,15,27,17,16.3,96,32,8,CONTENT-DEFINED,8,4,12,-,-,10,MIN_FINGERPRINT,-,-,-,2
ex1-run97,12.3636097153028,195912,6291456,5627720.77299758,1231279.90426676,19.1,13493347.826,12143174.4099325,125730,309366325,258351777.526,858195225.543419,2168726,15872091811,1686668478.25,158402189.713499,1497378267,1998352861,32293972190.75,7169380911.48937,24901731590,42794686374,16.1,15,23.3,25.9,21.4,17,15.3,19.5,97,128,8,CONTENT-DEFINED,4,2,6,-,-,10,MIN_FINGERPRINT,-,-,-,2
ex1-run98,11.3860260526339,195912,12582912,10287161.6439436,2921848.13459077,19.3,14625381.5125409,14418988.3167228,16384,335132991,281735853.354417,876799777.069189,4604110,15669521083,1676434355.875,156052970.746911,1527985214,2002750783,32293972190.75,7022832123.70813,24297999457,43407915283,15.3,15.4,24.6,24.6,20.6,17.8,15.9,20,98,128,8,CONTENT-DEFINED,8,4,12,-,-,10,MIN_FINGERPRINT,-,-,-,2
ex1-run99,12.6607249935468,195912,6291456,5627720.77299758,1231279.90426676,19.5,103619847.351563,21025636.4222783,48338552,179005955,2018373261.92187,2264049160.86429,644491733,17608796508,1657917557.625,86300934.1881476,1469655950,1732621098,32293972190.75,6251583612.53617,25428643481,39986809205,26.2,15.8,15.5,23.3,15.8,16.7,20.7,22.5,99,16,8,CONTENT-DEFINED,4,2,6,-,-,10,MAX_FINGERPRINT,-,-,-,2
ex1-run100,11.4168040712674,195912,12582912,10287161.6439436,2921848.13459077,19.7,102401594.140625,29120488.0744931,40252509,189048223,2018373261.92187,2256269862.56336,657990103,17221668551,1638425506.25,172420384.435008,1426793461,1856323619,32293972190.75,6079905458.72758,25033673704,39712716053,27.4,15.8,16,22.9,17.2,17.7,20.2,21.5,100,16,8,CONTENT-DEFINED,8,4,12,-,-,10,MAX_FINGERPRINT,-,-,-,2
ex1-run101,12.4308442989985,195912,6291456,5627720.77299758,1231279.90426676,19.4,51958658.9921875,15472039.7055816,12813539,123697007,1009186630.96094,1601246366.64788,200318609,16108322264,1662677087.75,64289205.3172143,1581442954,1746904010,32293972190.75,6913269981.04162,24967960769,40952046772,25.1,22.3,16.3,19.7,15.8,16.3,16,23.4,101,32,8,CONTENT-DEFINED,4,2,6,-,-,10,MAX_FINGERPRINT,-,-,-,2
ex1-run102,11.7124486446381,195912,12582912,10287161.6439436,2921848.13459077,19.7,51297041.3164063,21789056.7807777,13529893,132053898,1009186630.96094,1607924060.66465,192022638,15907644036,1641505322.125,198304705.520738,1275728798,1961915272,32293972190.75,8323662755.70482,22495062187,43131144363,25.6,21.4,17.3,17.5,16.2,16.8,17.6,23.7,102,32,8,CONTENT-DEFINED,8,4,12,-,-,10,MAX_FINGERPRINT,-,-,-,2
ex1-run103,12.276942718029,195912,6291456,5627720.77299758,1231279.90426676,19.4,13226780.594246,7936082.00205815,16384,87120057,256301366.593254,812275016.616759,2168726,15633565154,1666574354.875,102857771.956677,1508308035,1797039327,32293972190.75,10941029734.2782,23810535391,55693392783,14.8,16.6,19.6,16.1,32.4,23,15.7,15.8,103,128,8,CONTENT-DEFINED,4,2,6,-,-,10,MAX_FINGERPRINT,-,-,-,2
ex1-run104,11.5653263012568,195912,12582912,10287161.6439436,2921848.13459077,19.6,14342955.7331155,10341605.9884993,16384,84013320,281428951.553377,840285671.62395,4398371,15323939615,1645854170.375,94004101.664711,1530625773,1794734294,32293972190.75,10484956380.481,24530945365,55779856004,15.1,17.6,18.9,15.8,31.1,24.7,15.6,17.2,104,128,8,CONTENT-DEFINED,8,4,12,-,-,10,MAX_FINGERPRINT,-,-,-,2
ex1-run105,12.8029054284096,195912,6291456,5627720.77299758,1231279.90426676,17.2,117077146.132813,24999627.0055824,63768535,189413051,2018373261.92187,1195213303.53523,647582946,7543809306,1873234338.125,117437061.976355,1705312337,2067280847,32293972190.75,3293405337.35637,27887984793,37695455028,17.4,15.5,19.2,18.2,16.6,16.3,15.7,19.1,105,16,8,CONTENT-DEFINED,4,2,6,-,-,10,FIRST_FINGERPRINT_7,True,0.01,False,2
ex1-run106,11.9111120621363,195912,12582912,10287161.6439436,2921848.13459077,17.6,114777494.0625,32214414.4142641,22616884,215744443,2018373261.92187,1195914707.29472,51034559,6352138384,1836439905,88211383.234938,1730894629,1972688865,32293972190.75,3286200303.43582,27148921579,36643279398,17.9,14.6,18.6,17.8,18.1,18.8,16.1,18.8,106,16,8,CONTENT-DEFINED,8,4,12,-,-,10,FIRST_FINGERPRINT_7,True,0.01,False,2
ex1-run107,12.445506910483,195912,6291456,5627720.77299758,1231279.90426676,17,59265450.5859375,17195129.6568913,23757632,127066658,1009186630.96094,752205912.425195,197964882,4509551042,1896494418.75,119726298.430448,1665667238,2046924716,32293972190.75,3895099125.31924,28260990689,39528648450,17.4,16.9,16.7,17.8,15,20,15.2,17,107,32,8,CONTENT-DEFINED,4,2,6,-,-,10,FIRST_FINGERPRINT_7,True,0.01,False,2
ex1-run108,11.9573995113373,195912,12582912,10287161.6439436,2921848.13459077,17.7,56923268.1289062,21718792.5176165,8988455,136706407,1009186630.96094,783253571.467158,107137688,4953706794,1821544580.125,161372220.797537,1591289386,2005637180,32293972190.75,3758971121.91389,25580133028,36202951763,17.7,18,19.1,18.4,14.8,18.1,18.7,17,108,32,8,CONTENT-DEFINED,8,4,12,-,-,10,FIRST_FINGERPRINT_7,True,0.01,False,2
ex1-run109,12.7159775137901,195912,6291456,5627720.77299758,1231279.90426676,17,14941200.1543756,8250564.76569768,16384,78676057,254033212.906588,372376897.023409,2426456,2992501057,1899400069.625,117527180.579918,1721169678,2046529414,32293972190.75,3851013354.14831,28633794531,38384560340,15.6,15.9,17.6,16.6,18.8,15.2,16.7,19.5,109,128,8,CONTENT-DEFINED,4,2,6,-,-,10,FIRST_FINGERPRINT_7,True,0.01,False,2
ex1-run110,11.654660431544,195912,12582912,10287161.6439436,2921848.13459077,17.5,15645976.8527542,10583382.3466102,85124,79472111,273677730.430085,399897820.991753,391824,3215648909,1846225268.625,155067394.962159,1632291693,2167636046,32293972190.75,5163240251.16746,26283077683,40412394695,14.9,17.9,20.2,15.5,18.6,14.9,18.3,19.4,110,128,8,CONTENT-DEFINED,8,4,12,-,-,10,FIRST_FINGERPRINT_7,True,0.01,False,2
ex1-run111,106.926132965088,183632,6291456,5612047.94996823,1231431.20831886,14.2,60283082440,nan,60283082440,60283082440,856752076186,nan,856752076186,856752076186,60283082440,nan,60283082440,60283082440,856752076186,nan,856752076186,856752076186,14.2,0,0,0,0,0,0,0,111,1,1,CONTENT-DEFINED,4,2,6,-,-,10,FIRST_FINGERPRINT_7,-,-,-,3
ex1-run112,105.222731900215,82739,12582912,10221820.1320273,2936630.26628414,14.5,59181587562,nan,59181587562,59181587562,856752076186,nan,856752076186,856752076186,59181587562,nan,59181587562,59181587562,856752076186,nan,856752076186,856752076186,14.5,0,0,0,0,0,0,0,112,1,1,CONTENT-DEFINED,8,4,12,-,-,10,FIRST_FINGERPRINT_7,-,-,-,3
ex1-run113,46.9687186717987,183632,6291456,5612047.94996823,1231431.20831886,11,609611501.648438,56919199.6234317,458675780,765128049,6693375595.20312,13635025950.7908,4117144938,159424393350,9753784026.375,307376489.514697,9269418078,10349391149,107094009523.25,56891736746.9798,83036984099,247627037966,9.2,8.9,8.6,23.9,8.7,8.8,9.4,9.4,113,16,8,CONTENT-DEFINED,4,2,6,-,-,10,MAX_FINGERPRINT,-,-,-,3
ex1-run114,43.8737706025441,82739,12582912,10221820.1320273,2936630.26628414,11.1,600386766.710938,71682654.0116387,440107560,801600324,6693375595.20312,13524858065.0379,3887458730,158118786504,9606188267.375,295070707.813228,9108676765,10070017590,107094009523.25,54832246266.6412,83871662250,242610298341,9.5,9.2,8.8,24.1,9,8.8,9.5,9.6,114,16,8,CONTENT-DEFINED,8,4,12,-,-,10,MAX_FINGERPRINT,-,-,-,3
ex1-run115,45.3718761404355,183632,6291456,5612047.94996823,1231431.20831886,10.9,305691285.203125,39453383.5767237,195266058,430415988,3346687797.60156,9667712838.92359,1691657335,157113238993,9782121126.5,261920885.210217,9357173535,10056291121,107094009523.25,54286609548.8538,83226297860,241179077627,9.2,8.9,8.8,9.3,8.8,24,8.7,9.4,115,32,8,CONTENT-DEFINED,4,2,6,-,-,10,MAX_FINGERPRINT,-,-,-,3
ex1-run116,44.3465328415235,82739,12582912,10221820.1320273,2936630.26628414,11.1,301047676.015625,48984254.9566037,183640661,469674385,3346687797.60156,9561235731.87764,1660161759,155361108990,9633525632.5,296449967.568679,9268601621,9974105971,107094009523.25,52508705058.233,85031492069,236864229730,9.5,9,8.8,9.6,9.2,24.4,9,9.4,116,32,8,CONTENT-DEFINED,8,4,12,-,-,10,MAX_FINGERPRINT,-,-,-,3
ex1-run117,44.7244542082151,183632,6291456,5612047.94996823,1231431.20831886,10.9,76590846.4267578,19143388.1127116,26163090,197643289,836671949.400391,4826898022.01691,236938104,154863014043,9803628342.625,134604737.207464,9622886596,10063004075,107094009523.25,55448288373.1171,83343080344,244150424472,8.8,9,8.9,8.9,9.5,24.3,8.9,8.7,117,128,8,CONTENT-DEFINED,4,2,6,-,-,10,MAX_FINGERPRINT,-,-,-,3
ex1-run118,42.9364658713341,82739,12582912,10221820.1320273,2936630.26628414,11.1,75418926.4589844,24895168.7105221,19751907,223814591,836671949.400391,4767461500.07221,142907762,152880888221,9653622586.75,146155765.247131,9413273176,9849516397,107094009523.25,54210422616.8644,83425127323,240857396754,9,9.1,8.8,9.1,9.8,25,9.1,8.7,118,128,8,CONTENT-DEFINED,8,4,12,-,-,10,MAX_FINGERPRINT,-,-,-,3
ex1-run119,50.1625616272291,183632,6291456,5612047.94996823,1231431.20831886,8.9,753287635.835938,244494244.156305,417076360,1675277132,6693375595.20312,6134416398.68666,2206349541,41978187891,12052602173.375,618039949.028654,11081122091,13201548768,107094009523.25,12710157787.118,89553423953,123231986533,9,9.8,10.3,8.4,8.5,7.5,10,7.6,119,16,8,CONTENT-DEFINED,4,2,6,-,-,10,FIRST_FINGERPRINT_7,True,0.01,False,3
ex1-run120,46.5001027385394,82739,12582912,10221820.1320273,2936630.26628414,10.5,640509999.460938,106098081.471146,412565777,1293152886,6693375595.20312,6287562151.01802,1753608586,56129085948,10248159991.375,252666363.804291,9945228186,10580057785,107094009523.25,16722166412.1876,88005688583,140130163671,10.5,11.5,10.7,13.3,8.8,10.1,9.1,9.5,120,16,8,CONTENT-DEFINED,8,4,12,-,-,10,FIRST_FINGERPRINT_7,True,0.01,False,3
ex1-run121,47.3592431783676,183632,6291456,5612047.94996823,1231431.20831886,10,334190460.238281,69889621.2599133,220216681,986900086,3346687797.60156,4123920014.49233,1014404233,40366580138,10694094727.625,359677673.645241,10360673902,11496589787,107094009523.25,12970075174.7667,89359518759,124400851320,10.1,10.4,8.7,11.6,8.6,9.7,11.6,9.6,121,32,8,CONTENT-DEFINED,4,2,6,-,-,10,FIRST_FINGERPRINT_7,True,0.01,False,3
ex1-run122,44.8624021728834,82739,12582912,10221820.1320273,2936630.26628414,10.5,319330304.777344,67150925.632058,176069338,900170715,3346687797.60156,4167332608.72683,1622699691,45780066873,10218569752.875,444857877.230743,9656951727,10963657551,107094009523.25,14782552436.0573,91995939443,130181777913,11.2,10.2,12.3,11,9,9.5,9.1,11.4,122,32,8,CONTENT-DEFINED,8,4,12,-,-,10,FIRST_FINGERPRINT_7,True,0.01,False,3
ex1-run123,46.1127899487813,183632,6291456,5612047.94996823,1231431.20831886,10.1,82555009.4384766,23162615.201334,33609351,337826593,836671949.400391,1930725766.05142,74425515,33979652871,10567041208.125,299892180.884321,10147161261,11023784965,107094009523.25,10775631355.0826,89633121680,124313866807,8.8,10.3,11.4,9.6,10.1,10.6,9.2,11,123,128,8,CONTENT-DEFINED,4,2,6,-,-,10,FIRST_FINGERPRINT_7,True,0.01,False,3
ex1-run124,42.9570267001788,82739,12582912,10221820.1320273,2936630.26628414,10.4,80294103.5185547,29796633.2730043,13550309,338054988,836671949.400391,1930722964.09099,88281302,35639144283,10277645250.375,252531228.285997,10071884465,10864453951,107094009523.25,7960710106.32927,91966695905,117197649235,11.6,10.1,10.4,9,10,10.2,11.3,10.8,124,128,8,CONTENT-DEFINED,8,4,12,-,-,10,FIRST_FINGERPRINT_7,True,0.01,False,3
ex1-run125,48.5294415314992,183632,6291456,5612047.94996823,1231431.20831886,10.7,628307034.335938,63888556.1687498,510450386,1075289160,6693375595.20312,14268053394.2235,3932888078,166701192612,10052912549.375,300038361.26055,9736136814,10716430749,107094009523.25,58573432705.6121,84045585891,252000309374,8.6,8.8,8.7,23.5,8.7,8.5,8.6,8.8,125,16,8,CONTENT-DEFINED,4,2,6,-,-,10,FIRST_FINGERPRINT_7,-,-,-,3
ex1-run126,46.2207741379738,82739,12582912,10221820.1320273,2936630.26628414,11,608221898.820313,78744924.6444042,425706807,971462242,6693375595.20312,14136965033.79,3296732759,165131220136,9731550381.125,196791934.832039,9506361767,10085985665,107094009523.25,56527648080.1557,84949142423,246938986977,8.8,9.1,9,24.5,9,8.7,9.3,9.2,126,16,8,CONTENT-DEFINED,8,4,12,-,-,10,FIRST_FINGERPRINT_7,-,-,-,3
ex1-run127,47.398070414861,183632,6291456,5612047.94996823,1231431.20831886,10.6,315158881.078125,45737259.3775797,233239166,775313227,3346687797.60156,10080060322.2001,1730228098,163859693788,10085084194.5,294008289.917177,9736093767,10553994658,107094009523.25,57729271056.5457,83741802633,249854119808,8.8,8.7,8.6,8.8,8.5,23.7,8.6,8.7,127,32,8,CONTENT-DEFINED,4,2,6,-,-,10,FIRST_FINGERPRINT_7,-,-,-,3
ex1-run128,44.8722083330154,82739,12582912,10221820.1320273,2936630.26628414,11,305021272.398437,55276676.9748064,176022051,718727543,3346687797.60156,10022245762.9631,1597548201,162843926643,9760680716.75,235991743.222116,9282924468,10050981233,107094009523.25,56250029052.5213,84501842182,246196829595,9.1,8.8,8.8,9.3,8.7,25,8.8,9.2,128,32,8,CONTENT-DEFINED,8,4,12,-,-,10,FIRST_FINGERPRINT_7,-,-,-,3
ex1-run129,46.4065229614576,183632,6291456,5612047.94996823,1231431.20831886,10.6,79000039.2724609,22989420.9242637,32727165,541864850,836671949.400391,5041156936.57752,215520370,161869235773,10112005026.875,310955191.217784,9573330130,10463743447,107094009523.25,55945189778.8329,83491447815,245343649055,8.5,8.6,8.8,8.5,8.9,23.6,8.5,8.9,129,128,8,CONTENT-DEFINED,4,2,6,-,-,10,FIRST_FINGERPRINT_7,-,-,-,3
ex1-run130,43.1329555273056,82739,12582912,10221820.1320273,2936630.26628414,10.9,76436132.1669922,28752978.5119063,13550309,501625021,836671949.400391,4999259174.5932,162718689,160422451776,9783824917.375,284278206.104377,9421813709,10155841424,107094009523.25,56288715186.2095,82562687586,246227961942,8.8,8.9,8.9,8.8,9.2,24.3,9,9,130,128,8,CONTENT-DEFINED,8,4,12,-,-,10,FIRST_FINGERPRINT_7,-,-,-,3
ex1-run131,47.8352828343709,183632,6291456,5612047.94996823,1231431.20831886,10.9,613929005.359375,181505877.046785,471224622,2570133884,6693375595.20312,15730659673.932,4127415276,183011003071,9822864085.75,811820382.857038,9281924320,11799085225,107094009523.25,65388229233.6292,80355792185,268741127941,8.5,8.7,9,22.8,9.3,8.6,8.6,8.9,131,16,8,CONTENT-DEFINED,4,2,6,-,-,10,MIN_FINGERPRINT,-,-,-,3
ex1-run132,43.5946728547414,82739,12582912,10221820.1320273,2936630.26628414,11.1,605167190.226563,185242459.898004,414577989,2515188838,6693375595.20312,15566471709.4168,3479065131,181118277633,9682675043.625,893562509.923673,9185887742,11849159436,107094009523.25,66258268720.7443,80138592783,270988087525,8.8,8.9,9.1,22.9,9.4,9,8.6,8.7,132,16,8,CONTENT-DEFINED,8,4,12,-,-,10,MIN_FINGERPRINT,-,-,-,3
ex1-run133,45.9281143744787,183632,6291456,5612047.94996823,1231431.20831886,10.9,307800515.890625,126865793.741312,224982970,2256798876,3346687797.60156,11099939431.0256,1810896318,180004607832,9849616508.5,776679145.192598,9178626510,11659356808,107094009523.25,65610782521.6372,78428600519,269287040459,8.7,8.8,9,8.7,8.5,23.1,8.9,8.7,133,32,8,CONTENT-DEFINED,4,2,6,-,-,10,MIN_FINGERPRINT,-,-,-,3
ex1-run134,44.6370969335238,82739,12582912,10221820.1320273,2936630.26628414,11,303402412.386719,132095190.299315,176361782,2257479966,3346687797.60156,11040746815.9338,1481045642,179001694679,9708877196.375,804363071.293346,9266554441,11672230841,107094009523.25,65613846790.6306,80804715891,269405327914,8.8,9,9.2,8.5,8.9,23.1,9.2,8.8,134,32,8,CONTENT-DEFINED,8,4,12,-,-,10,MIN_FINGERPRINT,-,-,-,3
ex1-run135,46.6010070681572,183632,6291456,5612047.94996823,1231431.20831886,10.8,77124602.8564453,63416567.2670833,26677446,2016512831,836671949.400391,5543124927.73434,221059255,177782431829,9871949165.625,780910423.378961,9224813756,11733164967,107094009523.25,62252253156.2148,82505236451,261061823713,8.6,8.9,8.8,9.1,9,22.2,8.6,9,135,128,8,CONTENT-DEFINED,4,2,6,-,-,10,MIN_FINGERPRINT,-,-,-,3
ex1-run136,41.1896826386452,82739,12582912,10221820.1320273,2936630.26628414,11,76022143.2246094,65866253.471917,6683322,2022596980,836671949.400391,5519575253.52882,75146944,176954883568,9730834332.75,646216733.57607,9073811150,11218426334,107094009523.25,61879951474.8031,81149639783,260174335035,8.7,9.2,8.8,9,9,23.2,8.9,9.1,136,128,8,CONTENT-DEFINED,8,4,12,-,-,10,MIN_FINGERPRINT,-,-,-,3
ex2-run137,4.82772287130356,49819,6291456,4755427.03610082,1506810.82735513,16.9,15026464.0474308,9353303.77696555,1611376,65614862,253560121.411067,379220023.678242,2518657,2785664905,475211925.5,42251371.1793512,433754109,547373498,8018838839.625,1705766280.69001,5121195299,9610047528,14,21.1,11.4,11.8,20.1,17.1,20.3,20.3,137,32,8,TTTD,4,2,6,540,270,-,FIRST_FINGERPRINT_7,-,-,-,1
ex2-run138,4.53085086743037,151655,12582876,7440351.50974252,2893073.57143642,18.4,14881695.5128205,11763053.647097,383606,82776976,274148336.397436,465463255.47071,4334272,2482317622,435289593.75,44731297.0877764,394504070,505339780,8018838839.625,2246730678.46815,3962681869,10927603965,21.3,27.1,9.5,16.4,16.7,12.3,19.9,26.9,138,32,8,TTTD,8,4,12,540,270,-,FIRST_FINGERPRINT_7,-,-,-,1
ex2-run139,4.3240575949351,38472,5259263,5228035.42598187,256186.525950576,4.7,53591083.3203125,11729525.0455807,26527546,93146851,250108397.898437,77827076.7912981,79691609,561736800,1714914666.25,62817014.4216528,1600100739,1770568512,8003468732.75,367420791.987779,7562322722,8610964466,4.7,4.8,4.3,4.6,4.9,4.9,4.4,4.7,139,32,8,AE,4,2,6,-,-,-,FIRST_FINGERPRINT_7,-,-,-,1
ex2-run140,4.31536513964335,78126,7356393,7303218.26139991,446470.791196731,4.4,56690837.5390625,14572177.7474997,15950752,97611624,250249338.238281,94728434.6112636,76737689,644284848,1814106801.25,76846396.9976804,1709768609,1929870667,8007978823.625,342139062.816657,7644229680,8611654666,4.3,4.3,4.3,4.2,4.6,4.5,4.4,4.8,140,32,8,AE,8,4,12,-,-,-,FIRST_FINGERPRINT_7,-,-,-,1
ex2-run141,4.82388517856598,49819,6291456,4755427.03610082,1506810.82735513,19.6,13012650.5277778,8266203.15877467,329539,65924043,254566312.369048,366798893.629357,2248795,2576023116,409898491.625,37762587.5764863,379164594,499953781,8018838839.625,2439648767.7624,4001947197,11800539645,24.4,19.5,16.4,16.9,19.7,23.6,24.7,10.1,141,32,8,TTTD,4,2,6,540,270,-,MIN_FINGERPRINT,-,-,-,1
ex2-run142,4.56544508536657,151655,12582876,7440351.50974252,2893073.57143642,19.5,14208074.7402597,9712339.53026671,1576856,58766259,277708704.402597,469774337.699848,4267801,2668972218,410258158.125,52833294.2640302,327250320,507603607,8018838839.625,2957646683.92564,2925185858,11737578937,20.8,14.4,17.4,22.5,26,19.8,29.3,6.9,142,32,8,TTTD,8,4,12,540,270,-,MIN_FINGERPRINT,-,-,-,1
ex2-run143,3.59540830850601,38472,5259263,5228035.42598187,256186.525950576,11.8,21110570.59375,11476555.9807527,3150789,133335067,250108397.898437,205212291.342649,5245874,2026356358,675538259,70844455.2710644,543877179,780313062,8003468732.75,1238058069.13597,6480375094,10578345150,12.3,11.1,12.7,10.4,11.9,14.3,12.3,9.9,143,32,8,AE,4,2,6,-,-,-,MIN_FINGERPRINT,-,-,-,1
ex2-run144,3.54129484891891,78126,7356393,7303218.26139991,446470.791196731,10.5,24039294.9486166,13354229.6360958,2070628,124455353,253216721.695652,209778295.791369,7342880,1872934014,760242702.75,72894380.5443492,654802954,868883107,8007978823.625,1285746557.88462,6782634725,10516012681,10.3,9.7,10.9,10,9.6,12.1,11.1,10.4,144,32,8,AE,8,4,12,-,-,-,MIN_FINGERPRINT,-,-,-,1
ex2-run145,4.81592214902242,49819,6291456,4755427.03610082,1506810.82735513,19.8,13099880.388664,7881304.14838094,536359,56678742,259719476.587045,336320276.598109,2120396,2328987224,404458807,54035524.2174727,345159854,514262852,8018838839.625,1433229670.7957,6757038943,11288499226,19.6,17.8,19.5,14.4,18.5,19,23.4,28.6,145,32,8,TTTD,4,2,6,540,270,-,MAX_FINGERPRINT,-,-,-,1
ex2-run146,4.61342958609263,151655,12582876,7440351.50974252,2893073.57143642,19.9,13945966.95671,10715774.3032466,1105458,77806363,277708704.402597,443485690.532123,4265211,2206675344,402689795.875,72521872.4123372,320094694,524833419,8018838839.625,1378843923.78169,6059713362,10764741932,26.6,16.3,14.7,14.8,17,25,22.9,27.2,146,32,8,TTTD,8,4,12,540,270,-,MAX_FINGERPRINT,-,-,-,1
ex2-run147,3.69545971949895,38472,5259263,5228035.42598187,256186.525950576,11.7,21369315.7773438,9301862.65977862,3222176,50020402,250108397.898437,165929360.074714,5247761,753204130,683818104.875,45788743.9711436,624161129,756024048,8003468732.75,891814677.533583,6993160745,9442221221,12.9,10.6,11.2,11.8,10.6,11.5,11.7,13.4,147,32,8,AE,4,2,6,-,-,-,MAX_FINGERPRINT,-,-,-,1
ex2-run148,3.57628099123637,78126,7356393,7303218.26139991,446470.791196731,10.4,24138792.5058824,11378664.3105573,4223786,93003551,251230708.192157,168286980.14915,7340876,874265899,769424011.125,47864661.2088827,709522006,832121683,8007978823.625,1041505283.61351,6579773769,9582908419,11.3,9.5,9.3,11,10.1,9.7,10.7,11.5,148,32,8,AE,8,4,12,-,-,-,MAX_FINGERPRINT,-,-,-,1
ex2-run149,4.77713089386622,49819,6291456,4755427.03610082,1506810.82735513,16,15824095.2677165,9601587.34746593,1611376,68463229,252561853.216535,370172519.132678,2518657,2528578861,502415024.75,43305519.1855179,439291958,554115593,8018838839.625,1727274184.92077,5157596933,10118410275,13,19.7,10.6,11.3,19.4,16.8,19.3,18.8,149,32,8,TTTD,4,2,6,540,270,-,FIRST_FINGERPRINT_7,True,0.01,False,1
ex2-run150,4.65623543659846,151655,12582876,7440351.50974252,2893073.57143642,17,15893442.8739496,12156314.8795696,383606,83791800,269540801.331933,459826090.426916,4334272,2475170772,472829925.5,39753738.6983536,408870508,526978927,8018838839.625,2202255036.74336,3948061333,10673599703,18.3,26.1,9.1,15.3,14.9,11.7,20.5,21.3,150,32,8,TTTD,8,4,12,540,270,-,FIRST_FINGERPRINT_7,True,0.01,False,1
ex2-run151,4.2682625412941,38472,5259263,5228035.42598187,256186.525950576,4.6,54178828.4570313,11891649.7272491,11478807,93146851,250108397.898437,77176747.2740869,20986223,551242021,1733722510.625,57352182.2927182,1628438001,1782942795,8003468732.75,366052768.542361,7583326707,8579438547,4.6,4.8,4.3,4.6,4.8,4.8,4.4,4.7,151,32,8,AE,4,2,6,-,-,-,FIRST_FINGERPRINT_7,True,0.01,False,1
ex2-run152,4.42627267837524,78126,7356393,7303218.26139991,446470.791196731,4.4,57263643.9648438,14615416.5881727,15950752,98844368,250249338.238281,94022558.9108964,76737689,644282808,1832436606.875,80650564.2834376,1711336272,1957291017,8007978823.625,340365908.834177,7671926668,8604282009,4.2,4.2,4.3,4.2,4.6,4.4,4.4,4.8,152,32,8,AE,8,4,12,-,-,-,FIRST_FINGERPRINT_7,True,0.01,False,1
ex3-run153,3.39569672743479,312987,6291433,5360186.39012366,1318050.01634956,18.4,27164569.640625,13598310.2437863,7235048,111146126,501177427.476563,521276342.230812,15064617,2510720133,434633114.25,25554977.1091629,400371468,482630967,8018838839.625,2229442273.96916,5776822858,11643777700,13,17.9,13.4,17,15,23.7,28.1,19.6,153,16,8,CONTENT-DEFINED,4,2,6,-,-,10,MAX_FINGERPRINT,True,0.01,False,1
ex3-run154,3.29531520207723,1764555,12582884,9456177.87691628,2926122.83562131,19,26983482.552,18103102.5511825,684849,128119676,513205685.736,713612892.577369,4427805,3775580820,421616914.875,72719906.5927336,340143351,558972394,8018838839.625,3812904199.04105,4779460444,14594132617,12,14,16.6,13.3,14.1,29.6,35.3,17.1,154,16,8,CONTENT-DEFINED,8,4,12,-,-,10,MAX_FINGERPRINT,True,0.01,False,1
ex3-run155,3.44496271212896,312987,6291433,5360186.39012366,1318050.01634956,18.3,13859246.1067194,8988761.07443647,240274,95286303,253560121.411067,381083709.513705,3492250,2255839444,438298658.125,51120765.1913962,352690363,524823879,8018838839.625,2171199013.88444,5758051528,12592020969,12.2,12.8,18,17.3,17.3,19.3,22.4,29,155,32,8,CONTENT-DEFINED,4,2,6,-,-,10,MAX_FINGERPRINT,True,0.01,False,1
ex3-run156,3.21072669029236,1764555,12582884,9456177.87691628,2926122.83562131,18.7,15414024.4663677,13221652.537554,349347,119561861,287671348.506726,563790941.426346,4278529,3677650545,429665932,73958153.7196032,312312144,539756474,8018838839.625,3825673723.69239,4862922742,16648934170,12.4,11.4,23.4,13.8,13.2,19.6,19.9,37.2,156,32,8,CONTENT-DEFINED,8,4,12,-,-,10,MAX_FINGERPRINT,True,0.01,False,1
ex3-run157,3.47493830919266,312987,6291433,5360186.39012366,1318050.01634956,18,5707148.27447833,4665904.41207788,240274,73267304,102970643.205457,222504066.826972,2171185,2145627703,444444171.875,61377053.0792892,363292933,573185725,8018838839.625,1275699891.0893,6602386063,9561677798,15.4,26.2,11.8,22.9,13.7,19,18.2,21.1,157,128,8,CONTENT-DEFINED,4,2,6,-,-,10,MAX_FINGERPRINT,True,0.01,False,1
ex3-run158,3.30889035065969,1764555,12582884,9456177.87691628,2926122.83562131,18.3,8564669.89242054,8103032.79946995,349347,107293179,156847703.464548,384383688.75609,1764555,3601367703,437868748.25,101874859.721657,306849195,581947092,8018838839.625,3100986322.06503,4535898790,14567904239,13.2,24.4,12.8,17.8,16.5,13.8,15.7,36.7,158,128,8,CONTENT-DEFINED,8,4,12,-,-,10,MAX_FINGERPRINT,True,0.01,False,1
ex3-run159,12.7985858122508,195912,6291456,5627720.77299758,1231279.90426676,18,111920619.929688,22182336.8876103,54513665,187197381,2018373261.92187,2086388178.85284,655156648,16940621190,1790729918.875,81001687.1094103,1592941837,1836960842,32293972190.75,5448910737.76006,26326476843,39690988801,23.9,15,14.7,21.9,19.5,15.5,19.6,14.9,159,16,8,CONTENT-DEFINED,4,2,6,-,-,10,MAX_FINGERPRINT,True,0.01,False,2
ex3-run160,11.9085867563883,195912,12582912,10287161.6439436,2921848.13459077,18.5,109043789.984375,30038304.63081,49971820,199219360,2018373261.92187,2232138555.16126,663718575,16925055388,1744700639.75,170765305.090169,1511899195,1968987185,32293972190.75,5964899720.09721,25164817239,39664584841,25.6,14.8,15.2,21.8,16,16.4,19.2,20,160,16,8,CONTENT-DEFINED,8,4,12,-,-,10,MAX_FINGERPRINT,True,0.01,False,2
ex3-run161,12.5299316247304,195912,6291456,5627720.77299758,1231279.90426676,18.1,55717300.8476563,16009614.6627478,12813539,131050490,1009186630.96094,1586827194.58065,206597286,15924190131,1782953627.125,66744405.2375984,1717388033,1904227182,32293972190.75,6839187472.91918,25037496470,40734944034,23.3,20.5,15.2,18.4,14.6,15.4,14.9,22.2,161,32,8,CONTENT-DEFINED,4,2,6,-,-,10,MAX_FINGERPRINT,True,0.01,False,2
ex3-run162,11.9233667016029,195912,12582912,10287161.6439436,2921848.13459077,18.5,54566316.3945313,21965088.0841445,7811811,140716874,1009186630.96094,1595218975.08411,12154959,15789096972,1746122124.625,189299949.134657,1401696695,2061606347,32293972190.75,8232663164.04503,22621184063,42961903162,23.9,20.3,15.9,16.4,15.2,16.2,16.1,22.8,162,32,8,CONTENT-DEFINED,8,4,12,-,-,10,MAX_FINGERPRINT,True,0.01,False,2
ex3-run163,12.5706315437953,195912,6291456,5627720.77299758,1231279.90426676,18,14136622.7919132,8451624.69795274,16384,88699716,254784790.459566,735541378.353964,2168726,14924089040,1791816938.875,133314565.499749,1639554640,1993159971,32293972190.75,9554676896.48592,23749689681,50312945276,14.1,15.4,19.4,15.2,27.4,22,15.3,14.5,163,128,8,CONTENT-DEFINED,4,2,6,-,-,10,MAX_FINGERPRINT,True,0.01,False,2
ex3-run164,11.7839082280795,195912,12582912,10287161.6439436,2921848.13459077,18.1,15249587.5850267,11234396.8773116,16384,100164087,276312061.525134,727951437.096163,4203602,13605132127,1782295549,93399039.0841379,1626517354,1880737105,32293972190.75,8473861054.15521,24699675637,47863270607,14.3,26.3,14.1,15.2,16.7,15.7,21.7,20.6,164,128,8,CONTENT-DEFINED,8,4,12,-,-,10,MAX_FINGERPRINT,True,0.01,False,2
ex3-run165,50.4301656802495,183632,6291456,5612047.94996823,1231431.20831886,9.3,716470331.65625,210790469.062174,207564408,1272970210,6693375595.20312,5532648269.06699,1026594809,48328113188,11463525306.5,928331529.509591,10403169581,13369737544,107094009523.25,13968993653.0435,96416910780,138045119951,9.3,9.8,9.4,9,10.3,8.7,9.5,8.7,165,16,8,CONTENT-DEFINED,4,2,6,-,-,10,MAX_FINGERPRINT,True,0.01,False,3
ex3-run166,44.7776677687963,82739,12582912,10221820.1320273,2936630.26628414,10.5,638239504.492188,97892973.5245637,447348600,1198358892,6693375595.20312,6230955386.30816,1953382199,59070885069,10211832071.875,265643443.919827,9796271183,10479317631,107094009523.25,18456730451.3939,89246356972,144019945068,11.2,9.1,9.6,13.8,10.1,11.5,9.2,9.2,166,16,8,CONTENT-DEFINED,8,4,12,-,-,10,MAX_FINGERPRINT,True,0.01,False,3
ex3-run167,47.6365258733432,183632,6291456,5612047.94996823,1231431.20831886,10.3,325171928.316406,59247656.9547546,203724307,619093048,3346687797.60156,3971715524.6412,1102099994,42088461661,10405501706.125,220717927.27995,10050971084,10637834521,107094009523.25,12959613934.9649,88412111748,127781158922,9.9,11.3,12,10.8,9.9,10.6,8.7,9.1,167,32,8,CONTENT-DEFINED,4,2,6,-,-,10,MAX_FINGERPRINT,True,0.01,False,3
ex3-run168,43.6229023973147,82739,12582912,10221820.1320273,2936630.26628414,10.6,316222583.757812,53755562.6633622,178172534,614244050,3346687797.60156,3897095644.421,1647484470,35970909835,10119122680.25,311021890.221172,9809638487,10556307857,107094009523.25,10787220807.2286,89357010305,118436525492,11.1,9.8,8.6,9.5,12,11.7,10.8,11.3,168,32,8,CONTENT-DEFINED,8,4,12,-,-,10,MAX_FINGERPRINT,True,0.01,False,3
ex3-run169,44.5642726421356,183632,6291456,5612047.94996823,1231431.20831886,10.5,79922400.0430108,21159585.0706532,5401368,201305177,837489810.543499,1803065196.54642,8962491,29543746348,10220076905.5,184883128.167169,9881795119,10402967985,107094009523.25,4186457165.27991,99296883032,111305826249,10.7,9.9,10.8,10.6,10.3,9.7,10.6,11.3,169,128,8,CONTENT-DEFINED,4,2,6,-,-,10,MAX_FINGERPRINT,True,0.01,False,3
ex3-run170,42.6064297199249,82739,12582912,10221820.1320273,2936630.26628414,10.6,78753072.8105469,25784204.0275338,5923187,200857581,836671949.400391,2040713433.89118,21396395,46817214058,10080393319.75,191291465.837293,9794503212,10275580387,107094009523.25,13250627051.4439,89206521633,130172448471,10.5,9.1,12.8,11,11.4,10.4,11.1,8.8,170,128,8,CONTENT-DEFINED,8,4,12,-,-,10,MAX_FINGERPRINT,True,0.01,False,3
ex3-run171,3.84215119679769,312987,6291433,5360186.39012366,1318050.01634956,7.7,65045386.0390625,13272484.7592917,27216050,92575806,501177427.476563,173871841.225984,195265966,850903745,1040726176.625,33143216.7628134,1008059977,1096339074,8018838839.625,211078769.010566,7721363579,8436921695,7.3,8,7.5,8.3,7.6,7.8,7.5,7.6,171,16,8,CONTENT-DEFINED,4,2,6,-,-,10,MAX_FINGERPRINT,True,1,False,1
ex3-run172,3.65327350298564,1764555,12582884,9456177.87691628,2926122.83562131,7.9,63154495.6796875,18572095.8985576,16259261,103744812,501177427.476563,214074884.378842,129624071,1076664325,1010471930.875,34919269.9964151,946186887,1046938871,8018838839.625,313073598.831255,7562486627,8406819688,8.1,7.9,8.1,8,7.8,7.4,8.2,8.1,172,16,8,CONTENT-DEFINED,8,4,12,-,-,10,MAX_FINGERPRINT,True,1,False,1
ex3-run173,3.86621334155401,312987,6291433,5360186.39012366,1318050.01634956,7.5,33455949.015625,10181472.9074255,8594350,72587645,250588713.738281,111583780.852161,46003508,565282012,1070590368.5,39984725.0588269,1028311781,1147995775,8018838839.625,246873042.908512,7789621539,8513386166,7,7.7,7.4,7.6,7.3,7.6,7.8,7.4,173,32,8,CONTENT-DEFINED,4,2,6,-,-,10,MAX_FINGERPRINT,True,1,False,1
ex3-run174,3.64570480982463,1764555,12582884,9456177.87691628,2926122.83562131,7.7,32759374.2134387,13196716.1768484,3410185,74272489,253560121.411067,133564684.806884,22460077,673052803,1036015209.5,53991486.7443701,976649633,1106770376,8018838839.625,211148700.275082,7646430404,8251340619,7.3,8,8.3,7.5,8.1,7.5,8,7.4,174,32,8,CONTENT-DEFINED,8,4,12,-,-,10,MAX_FINGERPRINT,True,1,False,1
ex3-run175,3.88078527053197,312987,6291433,5360186.39012366,1318050.01634956,7.4,9249727.82422294,6065166.45233799,240274,50051171,68757460.5755627,68570156.3143449,947166,406387208,1078749507.5,48684224.0170376,988686320,1147817203,8018838839.625,238316528.138028,7783210650,8564733821,7.2,7.6,7.1,7.2,7.7,8,7.5,7.4,175,128,8,CONTENT-DEFINED,4,2,6,-,-,10,MAX_FINGERPRINT,True,1,False,1
ex3-run176,3.68393788337708,1764555,12582884,9456177.87691628,2926122.83562131,7.5,11609634.9877217,7556122.24528794,549168,66851144,87518022.8062756,97721141.5903945,3529110,526225317,1063732805.75,65451015.6579693,947470562,1151103654,8018838839.625,158339223.217046,7838822639,8338303679,8.3,7.4,7.4,7.1,7.9,7.4,8,7,176,128,8,CONTENT-DEFINED,8,4,12,-,-,10,MAX_FINGERPRINT,True,1,False,1
ex3-run177,15.805629392465,195912,6291456,5627720.77299758,1231279.90426676,4.6,434197297.492188,31849960.6049013,367617860,521060779,2018373261.92187,809770227.078921,1332285735,4310247154,6947156759.875,42552598.6221807,6897475918,7020076134,32293972190.75,552554491.438009,31397546026,33227137356,4.6,4.6,4.7,4.7,4.5,4.6,4.7,4.7,177,16,8,CONTENT-DEFINED,4,2,6,-,-,10,MAX_FINGERPRINT,True,1,False,2
ex3-run178,15.3561972777049,195912,12582912,10287161.6439436,2921848.13459077,4.8,424113727.304688,51989161.1370763,300778661,546536063,2018373261.92187,803334002.366283,1131629391,4212063897,6785819636.875,104314805.988795,6652782403,6982936827,32293972190.75,917910343.674673,30977768615,33388537985,4.8,4.8,4.8,4.9,4.8,4.7,4.7,4.6,178,16,8,CONTENT-DEFINED,8,4,12,-,-,10,MAX_FINGERPRINT,True,1,False,2
ex3-run179,16.0053509314855,195912,6291456,5627720.77299758,1231279.90426676,4.6,218665926.898437,26924999.8517199,158161372,281814260,1009186630.96094,524786404.425632,542819615,2892142681,6997309660.75,105798131.694878,6843801423,7145371701,32293972190.75,459391146.189715,31596058124,33130747567,4.6,4.6,4.6,4.6,4.7,4.6,4.7,4.6,179,32,8,CONTENT-DEFINED,4,2,6,-,-,10,MAX_FINGERPRINT,True,1,False,2
ex3-run180,15.6062441627185,195912,12582912,10287161.6439436,2921848.13459077,4.7,213864864.902344,40019216.4746556,119430137,318958048,1009186630.96094,544422214.510119,464857582,3035423893,6843675676.875,109383954.038266,6687488381,7031366464,32293972190.75,481697292.200551,31367053709,32713043861,4.7,4.7,4.7,4.8,4.7,4.7,4.7,4.9,180,32,8,CONTENT-DEFINED,8,4,12,-,-,10,MAX_FINGERPRINT,True,1,False,2
ex3-run181,16.0535889705022,195912,6291456,5627720.77299758,1231279.90426676,4.6,55064670.7011719,15252831.1270839,12034011,105050944,252296657.740234,284264951.528838,55970008,2350917804,7048277849.75,100142157.010665,6865470135,7195331775,32293972190.75,419726718.742206,31802555476,32824531528,4.6,4.6,4.6,4.6,4.6,4.6,4.5,4.5,181,128,8,CONTENT-DEFINED,4,2,6,-,-,10,MAX_FINGERPRINT,True,1,False,2
ex3-run182,15.3628600637118,195912,12582912,10287161.6439436,2921848.13459077,4.7,54055415.4052734,19698822.8408534,2863273,125675040,252296657.740234,285389572.949465,42015208,2261987675,6919093171.875,102537868.677507,6730235952,7017320088,32293972190.75,406519934.27668,31610394032,32673830657,4.7,4.7,4.9,4.6,4.7,4.6,4.6,4.6,182,128,8,CONTENT-DEFINED,8,4,12,-,-,10,MAX_FINGERPRINT,True,1,False,2
,,,,,,,,,,,,,,,,,,,,,,,,,,,,,,,183,16,8,CONTENT-DEFINED,4,2,6,-,-,10,MAX_FINGERPRINT,True,0.01,True,1
,,,,,,,,,,,,,,,,,,,,,,,,,,,,,,,184,16,8,CONTENT-DEFINED,8,4,12,-,-,10,MAX_FINGERPRINT,True,0.01,True,1
,,,,,,,,,,,,,,,,,,,,,,,,,,,,,,,185,32,8,CONTENT-DEFINED,4,2,6,-,-,10,MAX_FINGERPRINT,True,0.01,True,1
,,,,,,,,,,,,,,,,,,,,,,,,,,,,,,,186,32,8,CONTENT-DEFINED,8,4,12,-,-,10,MAX_FINGERPRINT,True,0.01,True,1
,,,,,,,,,,,,,,,,,,,,,,,,,,,,,,,187,128,8,CONTENT-DEFINED,4,2,6,-,-,10,MAX_FINGERPRINT,True,0.01,True,1
,,,,,,,,,,,,,,,,,,,,,,,,,,,,,,,188,128,8,CONTENT-DEFINED,8,4,12,-,-,10,MAX_FINGERPRINT,True,0.01,True,1
,,,,,,,,,,,,,,,,,,,,,,,,,,,,,,,189,16,8,CONTENT-DEFINED,4,2,6,-,-,10,MAX_FINGERPRINT,True,0.01,True,2
,,,,,,,,,,,,,,,,,,,,,,,,,,,,,,,190,16,8,CONTENT-DEFINED,8,4,12,-,-,10,MAX_FINGERPRINT,True,0.01,True,2
,,,,,,,,,,,,,,,,,,,,,,,,,,,,,,,191,32,8,CONTENT-DEFINED,4,2,6,-,-,10,MAX_FINGERPRINT,True,0.01,True,2
,,,,,,,,,,,,,,,,,,,,,,,,,,,,,,,192,32,8,CONTENT-DEFINED,8,4,12,-,-,10,MAX_FINGERPRINT,True,0.01,True,2
,,,,,,,,,,,,,,,,,,,,,,,,,,,,,,,193,128,8,CONTENT-DEFINED,4,2,6,-,-,10,MAX_FINGERPRINT,True,0.01,True,2
,,,,,,,,,,,,,,,,,,,,,,,,,,,,,,,194,128,8,CONTENT-DEFINED,8,4,12,-,-,10,MAX_FINGERPRINT,True,0.01,True,2
,,,,,,,,,,,,,,,,,,,,,,,,,,,,,,,195,16,8,CONTENT-DEFINED,4,2,6,-,-,10,MAX_FINGERPRINT,True,0.01,True,3
,,,,,,,,,,,,,,,,,,,,,,,,,,,,,,,196,16,8,CONTENT-DEFINED,8,4,12,-,-,10,MAX_FINGERPRINT,True,0.01,True,3
,,,,,,,,,,,,,,,,,,,,,,,,,,,,,,,197,32,8,CONTENT-DEFINED,4,2,6,-,-,10,MAX_FINGERPRINT,True,0.01,True,3
,,,,,,,,,,,,,,,,,,,,,,,,,,,,,,,198,32,8,CONTENT-DEFINED,8,4,12,-,-,10,MAX_FINGERPRINT,True,0.01,True,3
,,,,,,,,,,,,,,,,,,,,,,,,,,,,,,,199,128,8,CONTENT-DEFINED,4,2,6,-,-,10,MAX_FINGERPRINT,True,0.01,True,3
,,,,,,,,,,,,,,,,,,,,,,,,,,,,,,,200,128,8,CONTENT-DEFINED,8,4,12,-,-,10,MAX_FINGERPRINT,True,0.01,True,3
ex0-run1,3.62770488659541,57977,4194304,4171318.7279407,223178.73041632,32.4,1977427421,nan,1977427421,1977427421,64150710717,nan,64150710717,64150710717,1977427421,nan,1977427421,1977427421,64150710717,nan,64150710717,64150710717,32.4,0,0,0,0,0,0,0,1,1,1,FIXED-SIZE,4,-,-,-,-,-,FIRST_FINGERPRINT_7,-,-,-,1
